{
  "minADE": [
    0.27020302414894104,
    0.5710312128067017,
    0.8830131888389587,
    1.1910537481307983,
    1.5153697729110718,
    1.8667726516723633,
    2.315685987472534,
    2.673552989959717,
    3.0024290084838867,
    3.34485125541687,
    3.6543900966644287,
    4.027731895446777,
    4.392345905303955,
    4.7289652824401855,
    5.097198486328125,
    5.470212459564209,
    5.855916976928711,
    6.202462196350098,
    6.56454610824585,
    6.90860652923584,
    7.26299524307251,
    7.611874580383301,
    7.974587917327881,
    8.330497741699219,
    8.695930480957031,
    9.057958602905273,
    9.414109230041504,
    9.762544631958008,
    10.122138977050781,
    10.4965238571167
  ],
  "minFDE": [
    0.27020302414894104,
    0.8692281246185303,
    1.509249210357666,
    2.121493101119995,
    2.820305824279785,
    3.6095380783081055,
    5.001131057739258,
    5.176092147827148,
    5.648009777069092,
    6.4415602684021,
    6.75539493560791,
    8.127427101135254,
    8.770246505737305,
    9.102309226989746,
    10.261151313781738,
    11.086402893066406,
    12.048039436340332,
    12.130146980285645,
    13.087639808654785,
    13.456579208374023,
    14.336917877197266,
    14.941032409667969,
    15.976543426513672,
    16.554773330688477,
    17.464527130126953,
    18.14541244506836,
    18.776256561279297,
    19.242597579956055,
    20.253908157348633,
    21.408477783203125
  ],
  "mAP": [
    0.6815004944801331,
    0.42161476612091064,
    0.3755047023296356,
    0.20904460549354553,
    0.11128118634223938,
    0.08077934384346008,
    0.08762086927890778,
    0.08534394949674606,
    0.06261206418275833,
    0.08105109632015228,
    0.04598226025700569,
    0.012549297884106636,
    0.08002754300832748,
    0.0774187222123146,
    0.06544950604438782,
    0.06865359097719193,
    0.059534814208745956,
    0.03653177246451378,
    0.06758705526590347,
    0.05770770087838173,
    0.06291596591472626,
    0.028461726382374763,
    0.05360473692417145,
    0.047664348036050797,
    0.012654031626880169,
    0.03212781623005867,
    0.03191239759325981,
    0.044717490673065186,
    6.075274359318428e-05,
    0.029351230710744858
  ],
  "missRate": [
    0.0005414184997789562,
    0.21195651590824127,
    0.2947253882884979,
    0.5152671933174133,
    0.6859009265899658,
    0.7416034936904907,
    0.7942453622817993,
    0.8053289651870728,
    0.8424209356307983,
    0.8314238786697388,
    0.8999456167221069,
    0.8973941206932068,
    0.8652905821800232,
    0.874524712562561,
    0.9005434513092041,
    0.8873775601387024,
    0.8961392045021057,
    0.9116684794425964,
    0.9059271216392517,
    0.9092391133308411,
    0.9078091382980347,
    0.9266703128814697,
    0.9168930053710938,
    0.9330430030822754,
    0.9386536478996277,
    0.9406964182853699,
    0.9408543109893799,
    0.9350436925888062,
    0.9983633160591125,
    0.9482288956642151
  ]
}