{
  "minADE": [
    7.091568946838379,
    7.097460746765137,
    7.10630464553833,
    7.118167877197266,
    7.13035774230957,
    7.143397808074951,
    7.156549453735352,
    7.170106887817383,
    7.184314727783203,
    7.199735641479492,
    7.215670585632324,
    7.231964111328125,
    7.248757839202881,
    7.2663373947143555,
    7.284872531890869,
    7.303927421569824,
    7.323487281799316,
    7.343660354614258,
    7.364687919616699,
    7.386401653289795,
    7.408841133117676,
    7.431886672973633,
    7.455763816833496,
    7.480205059051514,
    7.505484580993652,
    7.531434535980225,
    7.557658672332764,
    7.584942817687988,
    7.612915992736816,
    7.641356945037842
  ],
  "minFDE": [
    7.091568946838379,
    7.123246192932129,
    7.142533302307129,
    7.15958833694458,
    7.183761119842529,
    7.213118553161621,
    7.241654396057129,
    7.259921073913574,
    7.312248706817627,
    7.356827259063721,
    7.391776084899902,
    7.409262180328369,
    7.454708099365234,
    7.493563652038574,
    7.553040504455566,
    7.615391254425049,
    7.647838592529297,
    7.702254772186279,
    7.7432708740234375,
    7.804738998413086,
    7.8542351722717285,
    7.905725955963135,
    8.00040054321289,
    8.056808471679688,
    8.117623329162598,
    8.204092025756836,
    8.248936653137207,
    8.341275215148926,
    8.40457534790039,
    8.477416038513184
  ],
  "mAP": [
    0.08757412433624268,
    0.10165689885616302,
    0.08588803559541702,
    0.08562903106212616,
    0.08385051041841507,
    0.0857694000005722,
    0.08554547280073166,
    0.08372188359498978,
    0.08365284651517868,
    0.08568131178617477,
    0.08474607765674591,
    0.08855920284986496,
    0.08845782279968262,
    0.08839093893766403,
    0.08943790942430496,
    0.08878886699676514,
    0.08404023945331573,
    0.08332378417253494,
    0.08181503415107727,
    0.07936583459377289,
    0.07826562970876694,
    0.07592414319515228,
    0.06950496137142181,
    0.0675608441233635,
    0.06753173470497131,
    0.06565695255994797,
    0.06168358772993088,
    0.056679289788007736,
    0.05389184132218361,
    0.04999523237347603
  ],
  "missRate": [
    0.847274661064148,
    0.8475675582885742,
    0.8476499319076538,
    0.8488624095916748,
    0.8496484756469727,
    0.8487620949745178,
    0.8478964567184448,
    0.8492706418037415,
    0.8505684733390808,
    0.8515709638595581,
    0.8530523777008057,
    0.8511326909065247,
    0.8537506461143494,
    0.8546731472015381,
    0.8552916049957275,
    0.8599242568016052,
    0.8616963624954224,
    0.8640303611755371,
    0.8687196373939514,
    0.8693304657936096,
    0.8702207803726196,
    0.8747976422309875,
    0.8795896172523499,
    0.8810167908668518,
    0.8845738768577576,
    0.8858842849731445,
    0.8900979161262512,
    0.8943089246749878,
    0.8981581926345825,
    0.9015151262283325
  ]
}