{
  "minADE": [
    0.028819017112255096,
    0.04138275608420372,
    0.05384574830532074,
    0.06602001190185547,
    0.07839783281087875,
    0.09136832505464554,
    0.10416354238986969,
    0.11721614748239517,
    0.1305481344461441,
    0.14409184455871582,
    0.1579113006591797,
    0.17170792818069458,
    0.18566642701625824,
    0.19991633296012878,
    0.21432165801525116,
    0.22885483503341675,
    0.24360805749893188,
    0.258597195148468,
    0.27369531989097595,
    0.2888191044330597,
    0.3041594326496124,
    0.3195500373840332,
    0.33516809344291687,
    0.35069823265075684,
    0.3664039075374603,
    0.38239988684654236,
    0.39849933981895447,
    0.41488197445869446,
    0.4314419627189636,
    0.4482083022594452
  ],
  "minFDE": [
    0.028819017112255096,
    0.05205366015434265,
    0.07685474306344986,
    0.1005832701921463,
    0.12514646351337433,
    0.15008589625358582,
    0.17463339865207672,
    0.20045922696590424,
    0.22744187712669373,
    0.256104439496994,
    0.2841053307056427,
    0.31045836210250854,
    0.33838319778442383,
    0.36792081594467163,
    0.39656704664230347,
    0.4249073565006256,
    0.4527076184749603,
    0.48271721601486206,
    0.5114753842353821,
    0.5390996336936951,
    0.5699925422668457,
    0.5999070405960083,
    0.6308118104934692,
    0.6605557203292847,
    0.6914992332458496,
    0.724399745464325,
    0.7575958967208862,
    0.7936174273490906,
    0.8274068832397461,
    0.8571121096611023
  ],
  "mAP": [
    0.9723409414291382,
    0.9676579833030701,
    0.9723761677742004,
    0.9722387790679932,
    0.9722745418548584,
    0.9723900556564331,
    0.9721301794052124,
    0.971964955329895,
    0.8646649122238159,
    0.8576935529708862,
    0.8330644965171814,
    0.7954537868499756,
    0.7720510363578796,
    0.7092852592468262,
    0.680722713470459,
    0.6418150663375854,
    0.6182194948196411,
    0.5992838740348816,
    0.5654987096786499,
    0.5316287875175476,
    0.5119521021842957,
    0.48605161905288696,
    0.4600432515144348,
    0.4352646470069885,
    0.4041999876499176,
    0.38872697949409485,
    0.36887863278388977,
    0.35753315687179565,
    0.345368891954422,
    0.32275035977363586
  ],
  "missRate": [
    0.0,
    0.0,
    0.0,
    0.0,
    0.0,
    0.0,
    0.0,
    0.0010875476291403174,
    0.0016357688000425696,
    0.0027277686167508364,
    0.005981511902064085,
    0.009229098446667194,
    0.011950027197599411,
    0.017381858080625534,
    0.0260869562625885,
    0.035908594727516174,
    0.042958129197359085,
    0.05234460160136223,
    0.06253398954868317,
    0.07228261232376099,
    0.08242949843406677,
    0.09342748671770096,
    0.10537751019001007,
    0.12139357626438141,
    0.1335504949092865,
    0.14581066370010376,
    0.15662650763988495,
    0.16757641732692719,
    0.17512275278568268,
    0.18746593594551086
  ]
}