{
  "minADE": [
    0.040627412497997284,
    0.058252617716789246,
    0.07638799399137497,
    0.09469088912010193,
    0.11343317478895187,
    0.1331428736448288,
    0.15291883051395416,
    0.17299865186214447,
    0.19386428594589233,
    0.2157071828842163,
    0.23842118680477142,
    0.26158377528190613,
    0.2853356897830963,
    0.3099294602870941,
    0.3352210521697998,
    0.36112260818481445,
    0.38767075538635254,
    0.4149436950683594,
    0.44297555088996887,
    0.4716012179851532,
    0.5010660886764526,
    0.5311411023139954,
    0.5619950890541077,
    0.5932627320289612,
    0.6252709031105042,
    0.657967746257782,
    0.691085696220398,
    0.7250229120254517,
    0.7595204710960388,
    0.7944998145103455
  ],
  "minFDE": [
    0.040627412497997284,
    0.07591519504785538,
    0.1129111796617508,
    0.15018032491207123,
    0.1887364387512207,
    0.22972895205020905,
    0.2709566056728363,
    0.31369757652282715,
    0.36122339963912964,
    0.4129258096218109,
    0.46517351269721985,
    0.5159661769866943,
    0.5703003406524658,
    0.6298890113830566,
    0.690010130405426,
    0.750365138053894,
    0.8127978444099426,
    0.8807843923568726,
    0.9478869438171387,
    1.0156116485595703,
    1.0888936519622803,
    1.1625829935073853,
    1.2413016557693481,
    1.3138794898986816,
    1.3935213088989258,
    1.4778183698654175,
    1.5616025924682617,
    1.6470272541046143,
    1.7305794954299927,
    1.8114005327224731
  ],
  "mAP": [
    1.0,
    1.0,
    1.0,
    0.9997720718383789,
    0.9997727870941162,
    0.9995478987693787,
    0.9995468258857727,
    0.9988657832145691,
    0.8499569296836853,
    0.8386558890342712,
    0.8084245324134827,
    0.7583532929420471,
    0.712942361831665,
    0.6649245023727417,
    0.635804295539856,
    0.590749979019165,
    0.5575045347213745,
    0.5349940657615662,
    0.4979309141635895,
    0.45021992921829224,
    0.424805611371994,
    0.38628166913986206,
    0.3579969108104706,
    0.3310962915420532,
    0.3013453781604767,
    0.2831435203552246,
    0.2621048092842102,
    0.24749219417572021,
    0.2302664965391159,
    0.21016351878643036
  ],
  "missRate": [
    0.0,
    0.0,
    0.0,
    0.0005452562472783029,
    0.0005443657864816487,
    0.0010834236163645983,
    0.0010857763700187206,
    0.002718868898227811,
    0.005997818894684315,
    0.01309328991919756,
    0.023382272571325302,
    0.038002170622348785,
    0.05866377055644989,
    0.07821836322546005,
    0.09836956858634949,
    0.12241566926240921,
    0.1500815600156784,
    0.17611777782440186,
    0.20065252482891083,
    0.22989130020141602,
    0.2543383836746216,
    0.28462791442871094,
    0.3096143305301666,
    0.33750680088996887,
    0.3637350797653198,
    0.3873775899410248,
    0.4074479639530182,
    0.42740175127983093,
    0.4473540782928467,
    0.47084468603134155
  ]
}