{
  "minADE": [
    0.016879212111234665,
    0.026030268520116806,
    0.033246949315071106,
    0.03977394104003906,
    0.04619801416993141,
    0.05261547863483429,
    0.05902155116200447,
    0.06567991524934769,
    0.07278534770011902,
    0.08014115691184998,
    0.08767805993556976,
    0.09546651691198349,
    0.10341417044401169,
    0.11162816733121872,
    0.12009979784488678,
    0.12884558737277985,
    0.13783814013004303,
    0.14737911522388458,
    0.1572403907775879,
    0.16728061437606812,
    0.17761221528053284,
    0.18819141387939453,
    0.19898581504821777,
    0.2100854367017746,
    0.22145740687847137,
    0.2330915331840515,
    0.244918555021286,
    0.25701260566711426,
    0.2694784104824066,
    0.2823199927806854
  ],
  "minFDE": [
    0.016879212111234665,
    0.031300969421863556,
    0.04310807213187218,
    0.05440252274274826,
    0.06583134084939957,
    0.07851004600524902,
    0.0905686691403389,
    0.1042347326874733,
    0.12177342176437378,
    0.13669195771217346,
    0.15129628777503967,
    0.16926562786102295,
    0.18435606360435486,
    0.20224852859973907,
    0.2198268473148346,
    0.23794975876808167,
    0.2581525444984436,
    0.28258833289146423,
    0.30471542477607727,
    0.326265424489975,
    0.3502735197544098,
    0.37263649702072144,
    0.3962746858596802,
    0.4232003390789032,
    0.4492703974246979,
    0.475407212972641,
    0.5012798309326172,
    0.5263938903808594,
    0.5514995455741882,
    0.5760083198547363
  ],
  "mAP": [
    0.963415265083313,
    0.963415265083313,
    0.9631441235542297,
    0.9631441235542297,
    0.9632011651992798,
    0.9632011651992798,
    0.9632011651992798,
    0.9626970887184143,
    0.9616938829421997,
    0.9595577716827393,
    0.9572478532791138,
    0.9532004594802856,
    0.9453473091125488,
    0.9126520156860352,
    0.898170530796051,
    0.880916953086853,
    0.8522829413414001,
    0.8292259573936462,
    0.8097969889640808,
    0.7734759449958801,
    0.7350021004676819,
    0.7220330834388733,
    0.685373842716217,
    0.6504772901535034,
    0.6171396970748901,
    0.5695420503616333,
    0.5389531850814819,
    0.5090188384056091,
    0.49564433097839355,
    0.476205438375473
  ],
  "missRate": [
    0.0,
    0.0,
    0.0008051529875956476,
    0.0008051529875956476,
    0.0,
    0.0,
    0.0,
    0.0008051529875956476,
    0.0032206119503825903,
    0.004025764763355255,
    0.006441223900765181,
    0.00805152952671051,
    0.008856683038175106,
    0.009661835618317127,
    0.012882447801530361,
    0.012882447801530361,
    0.01690821163356304,
    0.021739130839705467,
    0.025764895603060722,
    0.03703703731298447,
    0.04186795651912689,
    0.04589372128248215,
    0.05475040152668953,
    0.061191625893116,
    0.07004830986261368,
    0.08212560415267944,
    0.0861513689160347,
    0.09500805288553238,
    0.10466988384723663,
    0.10869564861059189
  ]
}