{
  "minADE": [
    7.0765461921691895,
    7.083549976348877,
    7.092619895935059,
    7.102476119995117,
    7.114230155944824,
    7.126794338226318,
    7.139440536499023,
    7.152207374572754,
    7.165151119232178,
    7.17801570892334,
    7.191123962402344,
    7.2042622566223145,
    7.217132091522217,
    7.230030536651611,
    7.242758274078369,
    7.255345344543457,
    7.267759323120117,
    7.279979228973389,
    7.291892051696777,
    7.30366325378418,
    7.315207004547119,
    7.326498985290527,
    7.337550163269043,
    7.348196029663086,
    7.358564853668213,
    7.368462085723877,
    7.3779826164245605,
    7.387003421783447,
    7.3956122398376465,
    7.403697490692139
  ],
  "minFDE": [
    7.0765461921691895,
    7.095698356628418,
    7.118418216705322,
    7.143768310546875,
    7.167630672454834,
    7.196390151977539,
    7.22016716003418,
    7.2456207275390625,
    7.272001266479492,
    7.29632568359375,
    7.3224968910217285,
    7.346653938293457,
    7.369763374328613,
    7.393697738647461,
    7.415384769439697,
    7.4364824295043945,
    7.456249713897705,
    7.475698471069336,
    7.4885077476501465,
    7.5069475173950195,
    7.521656513214111,
    7.532822132110596,
    7.544586181640625,
    7.5534186363220215,
    7.563360691070557,
    7.567725658416748,
    7.570372104644775,
    7.568329334259033,
    7.5668110847473145,
    7.559905529022217
  ],
  "mAP": [
    0.09446801990270615,
    0.09453880786895752,
    0.09356486797332764,
    0.09334923326969147,
    0.09234290570020676,
    0.09057989716529846,
    0.0911235436797142,
    0.08612937480211258,
    0.08905337005853653,
    0.08992236107587814,
    0.08258628845214844,
    0.08653000742197037,
    0.08640367537736893,
    0.08574032038450241,
    0.08512121438980103,
    0.08410535007715225,
    0.0863482654094696,
    0.08523675054311752,
    0.0848064199090004,
    0.08536450564861298,
    0.08600441366434097,
    0.08433431386947632,
    0.08484029769897461,
    0.08434917777776718,
    0.08119518309831619,
    0.08011993020772934,
    0.07877423614263535,
    0.07839170843362808,
    0.07593319565057755,
    0.07334452122449875
  ],
  "missRate": [
    0.8648474812507629,
    0.8640739917755127,
    0.8633532524108887,
    0.8623538613319397,
    0.8610019087791443,
    0.8598051071166992,
    0.8579940795898438,
    0.8557145595550537,
    0.8531771302223206,
    0.850067138671875,
    0.8471819758415222,
    0.8436306715011597,
    0.8401063680648804,
    0.8361039757728577,
    0.832374095916748,
    0.8286862969398499,
    0.8247500658035278,
    0.8210365176200867,
    0.8172120451927185,
    0.814153790473938,
    0.8109557628631592,
    0.8078481554985046,
    0.8046577572822571,
    0.8017558455467224,
    0.7988538146018982,
    0.7958552241325378,
    0.7935490012168884,
    0.7912614941596985,
    0.7895994782447815,
    0.7871618270874023
  ]
}