{
  "minADE": [
    0.02280276268720627,
    0.029865887016057968,
    0.03786255046725273,
    0.04577695578336716,
    0.05469393730163574,
    0.06452686339616776,
    0.07458502054214478,
    0.08554521203041077,
    0.09720875322818756,
    0.11000694334506989,
    0.1234995499253273,
    0.1375863403081894,
    0.15229375660419464,
    0.16776584088802338,
    0.18396109342575073,
    0.20086894929409027,
    0.21849794685840607,
    0.23680678009986877,
    0.25587570667266846,
    0.27558818459510803,
    0.2960577607154846,
    0.31715014576911926,
    0.3390425443649292,
    0.361560195684433,
    0.38489341735839844,
    0.4089021384716034,
    0.43344587087631226,
    0.4587165415287018,
    0.4846373498439789,
    0.5110816359519958
  ],
  "minFDE": [
    0.02280276268720627,
    0.036750633269548416,
    0.05372288078069687,
    0.06949177384376526,
    0.09021992981433868,
    0.11262816935777664,
    0.13425017893314362,
    0.16177032887935638,
    0.18982145190238953,
    0.22490327060222626,
    0.25747811794281006,
    0.291780948638916,
    0.3280523717403412,
    0.36837509274482727,
    0.41050729155540466,
    0.45460113883018494,
    0.5001617670059204,
    0.5488870143890381,
    0.5993974804878235,
    0.650316596031189,
    0.7043799161911011,
    0.7600129246711731,
    0.820740818977356,
    0.8806590437889099,
    0.9445037245750427,
    1.0100252628326416,
    1.0771394968032837,
    1.143987774848938,
    1.2135899066925049,
    1.2784513235092163
  ],
  "mAP": [
    1.0,
    1.0,
    1.0,
    1.0,
    1.0,
    1.0,
    1.0,
    1.0,
    0.9981899261474609,
    0.9932899475097656,
    0.8476044535636902,
    0.8369439244270325,
    0.8252953886985779,
    0.8155695199966431,
    0.7904481887817383,
    0.7595651745796204,
    0.7213036417961121,
    0.6879529356956482,
    0.6641706824302673,
    0.6238588690757751,
    0.6078196167945862,
    0.5771324634552002,
    0.5352889895439148,
    0.507949709892273,
    0.4646978974342346,
    0.4306030869483948,
    0.3973453938961029,
    0.3733997642993927,
    0.34838178753852844,
    0.336385041475296
  ],
  "missRate": [
    0.0,
    0.0,
    0.0,
    0.0,
    0.0,
    0.0,
    0.0,
    0.0,
    0.0010905124945566058,
    0.00327332247979939,
    0.0076128332875669,
    0.012486428022384644,
    0.017925040796399117,
    0.024986419826745987,
    0.03532608598470688,
    0.0484221987426281,
    0.06307776272296906,
    0.07797164469957352,
    0.09461663663387299,
    0.11304347962141037,
    0.12689805030822754,
    0.1477457880973816,
    0.17218902707099915,
    0.18998366594314575,
    0.22258414328098297,
    0.2437431961297989,
    0.2688937485218048,
    0.28820961713790894,
    0.31042006611824036,
    0.328610360622406
  ]
}