{
  "minADE": [
    0.02372869662940502,
    0.031216951087117195,
    0.03927845507860184,
    0.04766719415783882,
    0.05677453428506851,
    0.06649206578731537,
    0.0766884982585907,
    0.08767277002334595,
    0.09934621304273605,
    0.11167199909687042,
    0.12477416545152664,
    0.13865651190280914,
    0.15329846739768982,
    0.16870281100273132,
    0.1848384141921997,
    0.20171646773815155,
    0.21934553980827332,
    0.23773817718029022,
    0.25687721371650696,
    0.27676859498023987,
    0.29740577936172485,
    0.31879451870918274,
    0.3409244418144226,
    0.36379486322402954,
    0.3873749375343323,
    0.4116661548614502,
    0.4366740882396698,
    0.4623592793941498,
    0.4887605309486389,
    0.5158641338348389
  ],
  "minFDE": [
    0.02372869662940502,
    0.03838605433702469,
    0.05487029626965523,
    0.07216780632734299,
    0.09251667559146881,
    0.11453572660684586,
    0.137340247631073,
    0.16404098272323608,
    0.19221742451190948,
    0.2220875769853592,
    0.2551605701446533,
    0.29067134857177734,
    0.3283282220363617,
    0.3682970106601715,
    0.41013818979263306,
    0.4542710483074188,
    0.5010321736335754,
    0.5500537753105164,
    0.6009746789932251,
    0.6544365286827087,
    0.7099010348320007,
    0.7677206993103027,
    0.827606201171875,
    0.889807403087616,
    0.9535389542579651,
    1.0192434787750244,
    1.0872379541397095,
    1.156624674797058,
    1.229011058807373,
    1.3028054237365723
  ],
  "mAP": [
    0.9996853470802307,
    0.9995587468147278,
    0.9947304725646973,
    0.9946345686912537,
    0.9895327091217041,
    0.9848288297653198,
    0.9763205051422119,
    0.9740122556686401,
    0.9687415957450867,
    0.9698648452758789,
    0.9558768272399902,
    0.9498701095581055,
    0.9269121289253235,
    0.9092448949813843,
    0.8778776526451111,
    0.8464933037757874,
    0.8181066513061523,
    0.7795461416244507,
    0.7384520173072815,
    0.7014545798301697,
    0.656684160232544,
    0.6210224032402039,
    0.5846755504608154,
    0.5501495599746704,
    0.5135437250137329,
    0.47561541199684143,
    0.4430055618286133,
    0.4133572280406952,
    0.3833054006099701,
    0.35343265533447266
  ],
  "missRate": [
    0.0001401533227181062,
    0.00020139265689067543,
    0.0002687975065782666,
    0.0003238460631109774,
    0.0005009652813896537,
    0.00072699278825894,
    0.0009531024843454361,
    0.001545755541883409,
    0.002443434437736869,
    0.004099036566913128,
    0.006755683571100235,
    0.010743428021669388,
    0.01617247425019741,
    0.02343449369072914,
    0.03301333636045456,
    0.04442123696208,
    0.05814401060342789,
    0.0734342411160469,
    0.09035190939903259,
    0.10872448235750198,
    0.12872926890850067,
    0.15011151134967804,
    0.17203854024410248,
    0.1943320631980896,
    0.21696706116199493,
    0.2388734072446823,
    0.2618770897388458,
    0.28415438532829285,
    0.3071223199367523,
    0.32892394065856934
  ]
}