{
  "minADE": [
    0.0012947511859238148,
    0.005952345672994852,
    0.013331928290426731,
    0.020898647606372833,
    0.02396891824901104,
    0.026992646977305412,
    0.03796270489692688,
    0.04895989969372749,
    0.059355925768613815,
    0.07191351801156998,
    0.08983267843723297,
    0.10457384586334229,
    0.1179136410355568,
    0.13380472362041473,
    0.1495973765850067,
    0.16619998216629028,
    0.1837119460105896,
    0.20248103141784668,
    0.2222195416688919,
    0.2441510409116745,
    0.2684313654899597,
    0.29449981451034546,
    0.3222324252128601,
    0.35347843170166016,
    0.38573625683784485,
    0.4195629060268402,
    0.454932302236557,
    0.49184033274650574,
    0.5318984389305115,
    0.5719837546348572
  ],
  "minFDE": [
    0.0012947511859238148,
    0.0036340272054076195,
    0.02809109538793564,
    0.04359880089759827,
    0.036250002682209015,
    0.04211129620671272,
    0.07963310182094574,
    0.10103582590818405,
    0.14252415299415588,
    0.18493181467056274,
    0.18598975241184235,
    0.19917678833007812,
    0.23708921670913696,
    0.28950566053390503,
    0.3544408679008484,
    0.4152390658855438,
    0.46390342712402344,
    0.5215553641319275,
    0.5775127410888672,
    0.6608494520187378,
    0.7540377974510193,
    0.841937243938446,
    0.932350218296051,
    1.072136640548706,
    1.1599239110946655,
    1.2652292251586914,
    1.374536395072937,
    1.4883573055267334,
    1.6535249948501587,
    1.7344588041305542
  ],
  "mAP": [
    1.0,
    1.0,
    1.0,
    1.0,
    1.0,
    1.0,
    1.0,
    1.0,
    1.0,
    1.0,
    1.0,
    1.0,
    1.0,
    1.0,
    1.0,
    1.0,
    0.25,
    0.25,
    0.25,
    0.0,
    0.0,
    0.0,
    0.0,
    0.0,
    0.0,
    0.0,
    0.0,
    0.0,
    0.0,
    0.0
  ],
  "missRate": [
    0.0,
    0.0,
    0.0,
    0.0,
    0.0,
    0.0,
    0.0,
    0.0,
    0.0,
    0.0,
    0.0,
    0.0,
    0.0,
    0.0,
    0.0,
    0.0,
    0.0,
    0.0,
    0.0,
    1.0,
    1.0,
    1.0,
    1.0,
    1.0,
    1.0,
    1.0,
    1.0,
    1.0,
    1.0,
    1.0
  ]
}