{
  "minADE": [
    0.0278023574501276,
    0.037386175245046616,
    0.04751678556203842,
    0.05807314068078995,
    0.0691850334405899,
    0.0806274339556694,
    0.09275860339403152,
    0.1053963303565979,
    0.11881228536367416,
    0.1328430473804474,
    0.14769364893436432,
    0.1632414311170578,
    0.17951174080371857,
    0.1965780109167099,
    0.21442770957946777,
    0.23308110237121582,
    0.2524513900279999,
    0.2726196348667145,
    0.2935607433319092,
    0.31522268056869507,
    0.33768343925476074,
    0.36090222001075745,
    0.384874552488327,
    0.40961626172065735,
    0.4351125955581665,
    0.4613361954689026,
    0.4882856011390686,
    0.5159680843353271,
    0.5443768501281738,
    0.5735308527946472
  ],
  "minFDE": [
    0.0278023574501276,
    0.04651612415909767,
    0.06706344336271286,
    0.08909223228693008,
    0.11258871853351593,
    0.1371496170759201,
    0.16490356624126434,
    0.19311857223510742,
    0.22534020245075226,
    0.25828227400779724,
    0.29538196325302124,
    0.33357542753219604,
    0.3741486668586731,
    0.417789101600647,
    0.4637012481689453,
    0.5123204588890076,
    0.5618178248405457,
    0.6150117516517639,
    0.6698541641235352,
    0.7263001203536987,
    0.7862025499343872,
    0.8477917313575745,
    0.9116755723953247,
    0.9781133532524109,
    1.0464236736297607,
    1.1164134740829468,
    1.1887673139572144,
    1.2633804082870483,
    1.3397749662399292,
    1.4190058708190918
  ],
  "mAP": [
    0.9954708814620972,
    0.9907296299934387,
    0.9859634041786194,
    0.9854857325553894,
    0.9849935173988342,
    0.9723179936408997,
    0.9800397157669067,
    0.9786612391471863,
    0.9758213758468628,
    0.9723442196846008,
    0.9700731039047241,
    0.9482694864273071,
    0.927666962146759,
    0.8910673260688782,
    0.8698931932449341,
    0.8392196893692017,
    0.8070566654205322,
    0.7657113671302795,
    0.7290497422218323,
    0.6900281310081482,
    0.639763593673706,
    0.5926567912101746,
    0.5493521690368652,
    0.5067134499549866,
    0.46879228949546814,
    0.434187650680542,
    0.40131813287734985,
    0.36569342017173767,
    0.336908221244812,
    0.31022530794143677
  ],
  "missRate": [
    0.00012125180364819244,
    0.00024291005684062839,
    0.00040709684253670275,
    0.0006017468986101449,
    0.0009179833577945828,
    0.0012464051833376288,
    0.0016714277444407344,
    0.0026741705369204283,
    0.0040895696729421616,
    0.006103485822677612,
    0.009583442471921444,
    0.014541876502335072,
    0.021704653277993202,
    0.031092237681150436,
    0.04191165789961815,
    0.05506085976958275,
    0.07060688734054565,
    0.08771152049303055,
    0.1072319969534874,
    0.12774963676929474,
    0.15020371973514557,
    0.17301468551158905,
    0.19662794470787048,
    0.22174935042858124,
    0.24641376733779907,
    0.27064967155456543,
    0.29465848207473755,
    0.31952568888664246,
    0.34341874718666077,
    0.36655914783477783
  ]
}