{
  "minADE": [
    0.6862834692001343,
    0.6821572780609131,
    0.6778928637504578,
    0.6741702556610107,
    0.6711949706077576,
    0.6683573126792908,
    0.6663289070129395,
    0.6647416949272156,
    0.663936197757721,
    0.6636103391647339,
    0.6641209721565247,
    0.6655144691467285,
    0.6677544713020325,
    0.6709907650947571,
    0.6753312349319458,
    0.6807811856269836,
    0.6873347759246826,
    0.6950690746307373,
    0.7039863467216492,
    0.7140077948570251,
    0.7252712845802307,
    0.7377429008483887,
    0.7513782978057861,
    0.7661859393119812,
    0.7821540236473083,
    0.7992632389068604,
    0.8174896836280823,
    0.8368261456489563,
    0.8572692275047302,
    0.8788163661956787
  ],
  "minFDE": [
    0.6862834692001343,
    0.678156852722168,
    0.669854462146759,
    0.6636767983436584,
    0.659544825553894,
    0.6545339226722717,
    0.6544792056083679,
    0.6537536382675171,
    0.6576130390167236,
    0.6604419946670532,
    0.6690847873687744,
    0.6806865930557251,
    0.6944668889045715,
    0.7129310369491577,
    0.7358961701393127,
    0.7624806761741638,
    0.7920393347740173,
    0.826404333114624,
    0.8642248511314392,
    0.904184103012085,
    0.9500898122787476,
    0.9990069270133972,
    1.0509518384933472,
    1.1062719821929932,
    1.1649147272109985,
    1.2264831066131592,
    1.2909393310546875,
    1.3587055206298828,
    1.429591417312622,
    1.5037564039230347
  ],
  "mAP": [
    0.9676955938339233,
    0.9694318175315857,
    0.9665424823760986,
    0.967428982257843,
    0.9676691293716431,
    0.9588575959205627,
    0.9613581895828247,
    0.9596378803253174,
    0.9545261859893799,
    0.9477708339691162,
    0.9415250420570374,
    0.9138947129249573,
    0.8871855139732361,
    0.8518115282058716,
    0.8165383338928223,
    0.7837809324264526,
    0.7396933436393738,
    0.6999309062957764,
    0.6627718806266785,
    0.6222873330116272,
    0.5757459998130798,
    0.5375549793243408,
    0.49523523449897766,
    0.45628198981285095,
    0.42423033714294434,
    0.3927552103996277,
    0.3641268312931061,
    0.33542126417160034,
    0.3118743598461151,
    0.28625237941741943
  ],
  "missRate": [
    0.016193177551031113,
    0.014671768061816692,
    0.01361040212213993,
    0.013068240135908127,
    0.012924719601869583,
    0.013406455516815186,
    0.014556615613400936,
    0.016081489622592926,
    0.01903199404478073,
    0.023023199290037155,
    0.029084350913763046,
    0.03752703219652176,
    0.048282526433467865,
    0.061504065990448,
    0.07704456150531769,
    0.09437182545661926,
    0.11324433237314224,
    0.13324667513370514,
    0.15373684465885162,
    0.17528453469276428,
    0.19863617420196533,
    0.2212912142276764,
    0.24378441274166107,
    0.2660931348800659,
    0.288295179605484,
    0.3101882338523865,
    0.33168357610702515,
    0.35330674052238464,
    0.3735535442829132,
    0.393807977437973
  ]
}