{
  "minADE": [
    0.027799256145954132,
    0.039655521512031555,
    0.051423728466033936,
    0.061547260731458664,
    0.07208515703678131,
    0.08384933322668076,
    0.09572870284318924,
    0.10799912363290787,
    0.12123295664787292,
    0.13498657941818237,
    0.14954043924808502,
    0.1645270735025406,
    0.18018017709255219,
    0.19646134972572327,
    0.21356229484081268,
    0.23147016763687134,
    0.25006625056266785,
    0.269520103931427,
    0.2896353304386139,
    0.31068557500839233,
    0.33241960406303406,
    0.3547634482383728,
    0.37767964601516724,
    0.40123680233955383,
    0.42564496397972107,
    0.45060649514198303,
    0.47620588541030884,
    0.502444326877594,
    0.5293633937835693,
    0.5568559169769287
  ],
  "minFDE": [
    0.027799256145954132,
    0.051339760422706604,
    0.07288917154073715,
    0.09234682470560074,
    0.11417173594236374,
    0.1419878751039505,
    0.16652987897396088,
    0.1936619132757187,
    0.2269568294286728,
    0.2583216726779938,
    0.2938980162143707,
    0.3285100758075714,
    0.36700984835624695,
    0.4071032404899597,
    0.45239171385765076,
    0.497872531414032,
    0.5463776588439941,
    0.5990920662879944,
    0.6521572470664978,
    0.710738480091095,
    0.7664703130722046,
    0.8218327760696411,
    0.8805009126663208,
    0.9427090883255005,
    1.010394811630249,
    1.0749083757400513,
    1.1406605243682861,
    1.2125177383422852,
    1.2818104028701782,
    1.3527637720108032
  ],
  "mAP": [
    0.9997775554656982,
    0.9995546340942383,
    0.9991092085838318,
    0.8564755320549011,
    0.8564724326133728,
    0.8540293574333191,
    0.8537828326225281,
    0.8533413410186768,
    0.8524457216262817,
    0.8457815051078796,
    0.8365792036056519,
    0.8333125710487366,
    0.8157967925071716,
    0.807884156703949,
    0.7900388240814209,
    0.7419325709342957,
    0.7187521457672119,
    0.681244969367981,
    0.6414075493812561,
    0.6030793786048889,
    0.5641649961471558,
    0.5297437906265259,
    0.49476781487464905,
    0.4460865557193756,
    0.4218670129776001,
    0.39664560556411743,
    0.3712082803249359,
    0.3355451822280884,
    0.31070929765701294,
    0.2979716956615448
  ],
  "missRate": [
    0.0005385029362514615,
    0.0010787486098706722,
    0.0021574972197413445,
    0.002154011745005846,
    0.002160994103178382,
    0.0032327587250620127,
    0.003791982773691416,
    0.004870129749178886,
    0.007061379496008158,
    0.009734991937875748,
    0.012412304058670998,
    0.016756756231188774,
    0.02323068678379059,
    0.028710726648569107,
    0.03677663579583168,
    0.053283099085092545,
    0.0674217939376831,
    0.08211777359247208,
    0.09907958656549454,
    0.1213434487581253,
    0.14100486040115356,
    0.16289104521274567,
    0.18294657766819,
    0.21177741885185242,
    0.2316414713859558,
    0.25473228096961975,
    0.27606698870658875,
    0.29794150590896606,
    0.31928688287734985,
    0.3396328389644623
  ]
}