{
  "minADE": [
    0.3973568379878998
  ],
  "minFDE": [
    0.3973568379878998
  ],
  "mAP": [
    0.4537934362888336
  ],
  "missRate": [
    0.06843800097703934
  ]
}