{
  "minADE": [
    0.022840408608317375,
    0.029598770663142204,
    0.0372205413877964,
    0.0451139435172081,
    0.05386541038751602,
    0.06376946717500687,
    0.07359915971755981,
    0.08405741304159164,
    0.09508544206619263,
    0.10718601197004318,
    0.1198948323726654,
    0.13311538100242615,
    0.14688323438167572,
    0.16142436861991882,
    0.17655935883522034,
    0.19232340157032013,
    0.20875081419944763,
    0.22576722502708435,
    0.2435394525527954,
    0.26190733909606934,
    0.2809380292892456,
    0.3005000054836273,
    0.32069507241249084,
    0.3413738012313843,
    0.3627549111843109,
    0.3847203850746155,
    0.40708187222480774,
    0.430197149515152,
    0.45384785532951355,
    0.47786253690719604
  ],
  "minFDE": [
    0.022840408608317375,
    0.0362219363451004,
    0.05233252793550491,
    0.06871587038040161,
    0.08862286806106567,
    0.11149107664823532,
    0.1315479576587677,
    0.1564836949110031,
    0.18246985971927643,
    0.21540360152721405,
    0.2457374632358551,
    0.2775734066963196,
    0.3110712468624115,
    0.3496759533882141,
    0.3879561424255371,
    0.42865535616874695,
    0.47097665071487427,
    0.5155557990074158,
    0.5633929967880249,
    0.6106952428817749,
    0.6603941917419434,
    0.7107813954353333,
    0.764363706111908,
    0.8176876306533813,
    0.875116765499115,
    0.9346232414245605,
    0.9935910701751709,
    1.0569207668304443,
    1.119126558303833,
    1.1746361255645752
  ],
  "mAP": [
    1.0,
    1.0,
    1.0,
    1.0,
    1.0,
    1.0,
    1.0,
    0.9997727870941162,
    0.8569156527519226,
    0.8520334362983704,
    0.8495422601699829,
    0.8473231196403503,
    0.8336281180381775,
    0.8142678141593933,
    0.7866178750991821,
    0.7701874375343323,
    0.742198646068573,
    0.7280710339546204,
    0.7067160606384277,
    0.6686440706253052,
    0.6344824433326721,
    0.6186389327049255,
    0.5795263648033142,
    0.5429957509040833,
    0.5137605667114258,
    0.4825386703014374,
    0.4563085436820984,
    0.43907201290130615,
    0.40725651383399963,
    0.38965925574302673
  ],
  "missRate": [
    0.0,
    0.0,
    0.0,
    0.0,
    0.0,
    0.0,
    0.0,
    0.0005437738145701587,
    0.0010905124945566058,
    0.00327332247979939,
    0.004893964156508446,
    0.00705754617229104,
    0.013579576276242733,
    0.020097773522138596,
    0.030978260561823845,
    0.0418933629989624,
    0.05492115393280983,
    0.06543075293302536,
    0.08047851920127869,
    0.09456522017717361,
    0.1160520613193512,
    0.13199348747730255,
    0.15589353442192078,
    0.17474143207073212,
    0.19815418124198914,
    0.2225244790315628,
    0.23877327144145966,
    0.2538209557533264,
    0.27059465646743774,
    0.2866485118865967
  ]
}